{"cameraMode":{"drawMode":0,"name":"Shaded","section":"Shading Mode"},"sceneLighting":false,"audioPlay":false,"sceneViewState":{"showFog":false,"showMaterialUpdate":false,"showSkybox":false,"showFlares":false,"showImageEffects":false,"showParticleSystems":false},"in2DMode":false,"pivot":{"x":350.4576110839844,"y":270.6531982421875,"z":33.1129150390625},"rotation":{"x":0.07075043022632599,"y":-0.000004879345397057477,"z":-5.0061739642615069e-8,"w":0.9974946975708008},"size":812.6920776367188,"orthographic":false}